[

    {
        "0": "",
        "1": ": يوجد ثلاث انواع للحج هم \n حج التمتع وحج القران وحج الافراد؟",
        "2": "للحج خمسة شروط، كما يلي: الاسلام والبلوغ و العقل و الحرية والقدرة بالمال والجسم؟",
        "3": "عدد ايام الحج هي : ثلاثة ايام؟",
        "4": "يبدأ الحج في اليوم الثامن من ذي الحجة  وينتهي في اليوم الثالث عشر؟",
        "5": "يوم التروية في أيام الحج: هو اليوم الثامن من ذي الحجة أي اليوم الأول من الحج؟",
        "6": "يوم عرفة هو اليوم السابع من ذي الحجة؟ ",
        "7": "الاحرام ليس ركنا من اركان الحج ويجوز تركة؟ ",
        "8": "الحج ليس من اركان الاسلام؟",
        "9": "يجوز أخذ قرض والحج بأموالة؟",
        "10": "يجوز للمحرم قص الشعر وتقليم الاظافر؟"
    },

    {
        "1": {
            "a": "صح",
            "b": "خطأ"
        },
        "2": {
            "a": "صح",
            "b": "خطأ"
        },
        "3": {
            "a": "صح",
            "b": "خطأ"
        },
        "4": {
            "a": "صح",
            "b": "خطأ"
        },
        "5": {
            "a": "صح",
            "b": "خطأ"
        },
        "6": {
            "a": "صح",
            "b": "خطأ"
        },
        "7": {
            "a": "صح",
            "b": "خطأ"
        },
        "8": {
            "a": "صح",
            "b": "خطأ"
        },
        "9": {
            "a": "صح",
            "b": "خطأ"
        },
        "10": {
            "a": "صح",
            "b": "خطأ"

        }
    },
    {
        "0": "",
        "1": "صح",
        "2": "صح",
        "3": "خطأ",
        "4": "صح",
        "5":"صح"  ,
        "6": "خطأ",
        "7": "خطأ",
        "8": "خطأ",
        "9":"خطأ",
        "10": "خطأ"
    }
]