[
    {
        "0": "",
        "1": "ماذا تمثل الصلاة في الإسلام؟",
        "2": "كم عدد ركعات صلاة الفجر؟",
        "3": "كم عدد ركعات صلاة الظهر؟",
        "4": "ما هو الشيء الذي يتوجب على المسلم فعله قبل الصلاة؟",
        "5": "من هو النبي الذي قدر الساعات ليعرف مواقيت الصلاة؟",
        "6": "ما هي السورة التي تقرأ في جميع الصلوات؟",
        "7": "ما هي أول صلاة فرضها الله عز وجل على النبي محمد صلى الله عليه وسلم؟",
        "8": "ما هو الوقت الذي يُصلى فيه صلاة الوتر؟",
        "9": "ما هي الصلاة التي ليس لها صلاة نوافل؟",
        "10": "كم عدد ركعات صلاة المغرب؟",
        "11": "كم عدد ركعات صلاة العشاء؟",
        "12": "ما هي أول صلاة أقامها المسلمين بعد تحويل القبلة من بيت المقدس إلى الكعبة المشرفة؟",
        "13": "كم عدد مرات مسح الرأس في الوضوء؟",
        "14": "ما المقصود بالصلاة الوسطى في القرآن الكريم؟",
        "15": "بماذا تنتهي كل صلاة؟",

        "16": "بماذا تسمى الصلاة لو جمعت أكثر من شخص؟",

        "17": "كم عدد الصلوات المفروضة في اليوم والليلة",
        "18": "كم عدد ركعات صلاة تحية المسجد؟",

        "19": "كم مرة ذكرت كلمة “الصلاة” في القرآن الكريم؟",

        "20": "ما هي الصلاة التي تُصلى على الميت قبل دفنه؟",
        "21": "ما هي الصلاة التي تُصلى إذا كان لديك حاجة عند الله؟",
        "22": "تكبيرة الاحرام هل هي "
    },
    {
        "1": {
            "a": "ركن من اركان الاسلام",
            "b": "ليست من اركان الاسلام",
            "c": "سنة مؤكدة",
            "d": "سنة غير مؤكدة"
        },
        "2": {
            "a": "ثلاثة ركعات",
            "b": "اربعة ركعات",
            "c": "ركعتان",
            "d": "ركعة واحدة"
        },
        "3": {
            "a": "اربعة ركعات",
            "b": "خمس ركعات",
            "c": " ثلاث ركعات",
            "d": "ركعتان"
        },
        "4": {
            "a": "الاستغفار",
            "b": "الدعاء",
            "c": "الوضوء",
            "d": "قرأة القرأن"
        },
        "5": {
            "a": "سيدنا محمد",
            "b": "سيدنا داوود",
            "c": "سيدنا ادم",
            "d": "سيدنا نوح"
        },
        "6": {
            "a": "الفاتحة",
            "b": "البقرة",
            "c": "النساء",
            "d": "النمل"
        },
        "7": {
            "a": "صلاة العصر",
            "b": "صلاة المغرب",
            "c": "صلاة العشاء",
            "d": "صلاة الظهر"
        },
        "8": {
            "a": "بعد صلاة الظهر",
            "b": "بعد صلاة الفجر",
            "c": "بعد صلاة العشاء",
            "d": "بعد صلاة المغرب"
        },
        "9": {
            "a": " صلاة الظهر",
            "b": " صلاة الفجر",
            "c": " صلاة العشاء",
            "d": " صلاة العصر"
        },
        "10": {
            "a": "ركعتان",
            "b": "اربعة ركعات",
            "c": "ثلاث ركعات",
            "d": "خمس ركعات"
        },
        "11": {
            "a": "ركعتان",
            "b": "اربعة ركعات",
            "c": "ثلاث ركعات",
            "d": "خمس ركعات"
        },
        "12": {
            "a": "صلاة العصر",
            "b": "صلاة المغرب",
            "c": "صلاة العشاء",
            "d": "صلاة الظهر"
        },
        "13": {
            "a": "مرتان",
            "b": "ثلاث مرات",
            "c": "اربع مرات",
            "d": "خمس مرات"
        },
        "14": {
            "a": "صلاة العشاء ",
            "b": "صلاة الظهر",
            "c": "صلاة العصر",
            "d": "صلاة الصبح"
        },
        "15": {
        "a": "بالاستغفار",
        "b": "بالدعاء",
        "c": "بالتشهد وقول السلام",
        "d": "بقرأة الفاتحة"
    },
        "16": {
            "a": "صلاة الناس",
            "b": "صلاة المجموعة",
            "c": "صلاة الفرد",
            "d": "صلاة الجماعة "
        },
        "17": {
            "a": "سبع صلوات",
            "b": "صلاتان",
            "c": "خمس صلوات",
            "d": "ثلاث صلوات"
        },
        "18": {
         "a": "ركعتان",
         "b": "خمس ركعات",
         "c": "ثلاث ركات ",
         "d": "تسعة ركعات"
    },
        "19": {
            "a": "150 مرة",
            "b": "200 مرة",
            "c": "50 مرة",
            "d": "100 مرة"
        },
        "20": {
            "a": "صلاة العصر",
            "b": "صلاة الجنازة",
            "c": "صلاة الاستسقاء",
            "d": "صلاة الجنازة"
        },
        "21": {
            "a": "صلاة الفجر",
            "b": "صلاة الحاجة",
            "c": "صلاة العشاء",
            "d": "صلاة الجنازة"
        },
        "22": {
            "a": "فرض",
            "b": "سنة مؤكدة",
            "c": "سنة غير مؤكدة",
            "d": "تركها غير مبطل للصلاة"
        }
    },
    {
        "0": "",
        "1": " ركن من اركان الاسلام",
        "2": "ركعتان",
        "3": "اربعة ركعات",
        "4": "الوضوء",
        "5": "سيدنا نوح",
        "6": "الفاتحة",
        "7": "صلاة الظهر",
        "8": "بعد صلاة العشاء",
        "9": " صلاة العصر",
        "10": "ثلاث ركعات",
        "11": "اربعة ركعات",
        "12": "صلاة العصر",
        "13": "ثلاث مرات",
        "14": "صلاة العصر",
        "15": "بالتشهد وقول السلام",
        "16": "صلاة الجماعة ",
        "17": "خمس صلوات",
        "18": "ركعتان",
        "19": "100 مرة",
        "20": "صلاة الجنازة",
        "21": "صلاة الحاجة",
        "22": "فرض"
    },
    {
        "1": "a",
        "2": "c"
    }
]