[

    {
        "0": "",
        "1": "فرض صوم شهر رمضان في شعبان في السنة الثانية من الهجرة؟",
        "2": "صام رسول الله صلى الله عليه وسلم تسعة رمضانات، منها خمسة: تسعة وعشرون يوما؟",
        "3": "صيام شهر رمضان ليس ركن من اركان الاسلام؟",
        "4": "المصل الذي يوضع للمريض إن كان للغذاء فهو مفطر فلا يصح معه الصوم.؟",
        "5": "الصائم الذي يغمى عليه أثناء نهار الصوم يبطل صومه؟",
        "6": " قطرة العين والأذن مفطرة؟",
        "7": " التقيؤ ليس مفطراً إلا إذا كان عمدياً فإنه مفطر على الأحوط وجوباً؟",
        "8": "من أكل او شرب ناسيا في نهار رمضان فعليه ان يكمل صومه ولا يفطر؟",
        "9": "أركان الصيام ركنان هم : النية والامساك؟",
        "10": "الاعتكاف في العشر الاواخر من رمضان سنة مؤكدة عن النبي صل الله عليه وسلم؟"
    },

    {
        "1": {
            "a": "صح",
            "b": "خطأ"
        },
        "2": {
            "a": "صح",
            "b": "خطأ"
        },
        "3": {
            "a": "صح",
            "b": "خطأ"
        },
        "4": {
            "a": "صح",
            "b": "خطأ"
        },
        "5": {
            "a": "صح",
            "b": "خطأ"
        },
        "6": {
            "a": "صح",
            "b": "خطأ"
        },
        "7": {
            "a": "صح",
            "b": "خطأ"
        },
        "8": {
            "a": "صح",
            "b": "خطأ"
        },
        "9": {
            "a": "صح",
            "b": "خطأ"
        },
        "10": {
            "a": "صح",
            "b": "خطأ"

        }
    },
    {
        "0": "",
        "1": "صح",
        "2": "صح",
        "3": "خطأ",
        "4":"صح" ,
        "5":"خطأ" ,
        "6": "خطأ",
        "7": "صح",
        "8": "صح",
        "9":"صح",
        "10": "صح"
    }
]