[
    {
        "0": "",
        "1": "عندما يريد المسلم أن يتوضأ عليه أن ينوي بقلبه للوضوء , ثم يقول : بسم الله؟ ",
        "2": " يتم غسل الكفين  ثلاث مرات؟ ",
        "3": "بعد أن الانتهاء من الوضوء نقول ( أشهد أن لا اله الا الله وحده لا شريك له وأن محمداً عبده ورسوله , اللهم اجعلني من التوابين واجعلني من المتطهرين )؟ ",
        "4": "غسل الوجه سنه وتركه لا يبطل الوضوء؟",
        "5": "مس القبل او الدبر بكف اليد يبطل الوضوء؟",
        "6": "خروج ريح يبطل الوضوء؟ ",
        "7": "عند دخول االخلاء ندخل بالرجل اليسري ونقول (اللهم اني اعوذ بك من الخبث والخبائث) \n وعند الخروج نخرج بالرجل اليمني ونقول (غفرانك ثلاث مرات)؟",
        "8": "استعمال السواك سنة مؤكدة عن النبي صل الله عليه وسلم؟",
        "9": "النِّيَّةُ من اركان الوضوء؟",
        "10": "يجوز المسح علي الخفين او الحزاء اذا لبستهما علي وضوء؟ "
    },
    {
        "1": {
            "a": "صح",
            "b": "خطأ"

        },
        "2": {
            "a": "صح",
            "b": "خطأ"

        },
        "3": {
            "a": "صح",
            "b": "خطأ"

        },
        "4": {
            "a": "صح",
            "b": "خطأ"
        },
        "5": {
            "a": "صح",
            "b": "خطأ"

        },
        "6": {
            "a": "صح",
            "b": "خطأ"

        },
        "7": {
            "a": "صح",
            "b": "خطأ"

        },
        "8": {
            "a": "صح",
            "b": "خطأ"

        },
        "9": {
            "a": "صح",
            "b": "خطأ"


        },
        "10": {
            "a": "صح",
            "b": "خطأ"

        }
    },
    {
        "0": "",
        "1": "صح",
        "2": "صح",
        "3": "صح",
        "4": "خطأ",
        "5": "صح",
        "6": "صح",
        "7": "صح",
        "8": "صح",
        "9": "صح",
        "10": "صح"
    }
]