[
  {
    "0": "",
    "1": " الاسم الذي أطلق على الذين آمنوا بعيسى عليه السلام؟ \n هم الحواريون؟",
    "2": "النبي صل الله عليه وسلم\n هو أول من سمي احمد؟",
    "3": " أول من قاتل بالسيف هو نبي الله عيسى عليه السلام؟",
    "4": "أول جبل وضع في الارض هو جبل ابو قبيس في مكة؟",
    "5": "أول داعية في الاسلام هو سيدنا عمر رضي الله عنه؟",
    "6": "أول من تكلم العربية هو سيدنا اسماعيل عليه السلام؟ ",
    "7": "أول سورة نزلت من القران هي سورة العلق؟",
    "8": "أول مسجد بني في المدينة هو مسجد قباء؟ ",
    "9": "اسم أم  سيدنا عيسي عليه السلام هي السيدة سارة؟",
    "10": " أول فدائي في الاسلام هو سيدنا ابو بكر الصديق رضي الله عنه؟"
  },
  {
    "1": {
      "a": "صح",
      "b": "خطأ"

    },
    "2": {
      "a": "صح",
      "b": "خطأ"

    },
    "3": {
      "a": "صح",
      "b": "خطأ"

    },
    "4": {
      "a": "صح",
      "b": "خطأ"
    },
    "5": {
      "a": "صح",
      "b": "خطأ"

    },
    "6": {
      "a": "صح",
      "b": "خطأ"

    },
    "7": {
      "a": "صح",
      "b": "خطأ"

    },
    "8": {
      "a": "صح",
      "b": "خطأ"

    },
    "9": {
      "a": "صح",
      "b": "خطأ"


    },
    "10": {
      "a": "صح",
      "b": "خطأ"

    }
  },
  {
    "0": "",
    "1":  "صح",
    "2": "صح",
    "3": "خطأ",
    "4": "صح",
    "5": "خطأ",
    "6": "صح",
    "7":  "صح",
    "8": "صح",
    "9": "خطأ",
    "10": "خطأ"
  }
]