[

    {

        "1": "الصلاة التي يقوم فيها المصلين بالركوع أربعاً والسجود أربعاً؟",
        "2": "عدد الأيام التي ظل فيها نبي الله إبراهيم وسط نيران النمرود؟ ",
        "3": "في أي من الأعوام خاض المسلمون غزوة الخندق؟",
        "4": "أذكر أول جبل تم وضعه على كوكب الأرض، وأين يوجد هذا الجبل؟",
        "5": "من الشخص الذي أُنزلت فيه سورة الهمزة؟ ",
        "6": "أذكر العدة التي أقرها الإسلام للمرأة المطلقة؟ ",
        "7": "اسم أول صحابي قرأ القرآن جهرةً؟",
        "8": "اذكر اسم الصحابي الذي ورد اسمه صريحاً في القرآن؟",
        "9": "اذكر اسم الغزوة التي وقعت فيها الشيماء أخت النبي من الرضاعة في وطأة الأسر؟",
        "10": "المسجد الذي شهد أخر لحظات في حياة الإمام علي بن ابي طالب قبل استشهاده؟"
    },

    {
        "1": {
            "a": "صلاة الخوف",
            "b": "الخسوف والكسوف",
            "c": "صلاة الظهر",
            "d": "ظلاة الحاجه"
        },
        "2": {
            "a": "أسبوع",
            "b": "شهر",
            "c": "10 أيام",
            "d": "9 أيام"
        },
        "3": {
            "a": "في العام الثالث الهجري",
            "b": "في العام الرابع الهجري",
            "c": "في العام الخامس الهجري",
            "d": "في العام الثاني الهجري"
        },
        "4": {
            "a": "جبل أحدفي مدينة مكة المكرمة",
            "b": "جبل طارق في المغرب",
            "c": "جبل الطور في مصر",
            "d": "جبل أبي قبيس في مدينة مكة المكرمة"
        },
        "5": {
            "a": "أمية بن خلف",
            "b": "أبو جهل",
            "c": "الوليد بن المغيرة",
            "d": "عتبة بن ابي معيط"
        },
        "6": {
            "a": "شهران",
            "b": "حيضة واحدة",
            "c": "حيضتان",
            "d": "ثلاث حيضات"
        },
        "7": {
            "a": "عبد الله بن عمر",
            "b": "عبد الله بن عباس",
            "c": "عبد الله بن مسعود",
            "d": "عبد الله بن ابي بكر"
        },
        "8": {
            "a": "زيد بن حاثة",
            "b": "ابوبكر الصديق",
            "c": "عمر ابن الخطاب",
            "d": "عثمان بن عفان"
        },
        "9": {
            "a": "غزوة خيبر",
            "b": "غزوة حنين",
            "c": "غزوة تبوك",
            "d": "غزوة أحد"
        },
        "10": {
            "a": "المسجد الحرام",
            "b": "مسجد المدينة",
            "c": "مسجد الكوفة",
            "d": "المسجدالنبوي"
        }
    },
    {
        "1": "الخسوف والكسوف",
        "2": "أسبوع",
        "3":"في العام الخامس الهجري",
        "4": "جبل أبي قبيس في مدينة مكة المكرمة",
        "5": "أمية بن خلف",
        "6": "ثلاث حيضات",
        "7": "عبد الله بن مسعود",
        "8": "زيد بن حاثة",
        "9": "غزوة حنين",
        "10": "مسجد الكوفة"
    }
]