[

    {
        "0": "",
        "1": "ما هي السجدة التي يأتي بها المصلي في حالة وجود نسيان في أشياء معينة في الصلاة؟ ",
        "2": " ما الذي يطلق على الميته التي تقع من مكان مرتفع ؟",
        "3": "سماه الرسول صلى الله عليه وسلم فرعون أمته؟",
        "4": "صحابية قتلت تسعه من الروم بعمود قسطاطها؟",
        "5": "أول من ركب بحر الروم؟",
        "6": "إن افضل الشهور عند الله هو شهر؟ ",
        "7": "بيوت الله في الارض هي؟",
        "8": " اكمل الحديث .. قال رسول الله صلى الله عليه وسلم : ( من يرد الله به خيرا .. ؟",
        "9": "ماذا تقول لمن عطس وحمد الله ؟",
        "10": "قبل الاكل نقول؟"
    },

    {
        "1": {
            "a": "سجدة السهو",
            "b": "سجدة التلاوة",
            "c": "سجدة النسيان",
            "d": "السجود بين الركعتين"
        },
        "2": {
            "a": "النطيحة ",
            "b": "المتردية",
            "c": " الميتة",
            "d": "الجيفة "
        },
        "3": {
            "a": " أبو جهل",
            "b": "عقبة ابن ابي معيط ",
            "c": "الوليد بن المغيرة",
            "d": "ابو سفيان بن حرب "
        },
        "4": {
            "a": "السيدة صفية ",
            "b": "السيدة اسماء بنت عميص",
            "c": "السيدة عائشة",
            "d": "أسماء بنت يزيدالأنصارية"
        },
        "5": {
            "a": "سيدنا الزبير ين العوام",
            "b": "سيدنا ابو سفيان",
            "c": "سيدنا معاوية بن ابي سفيان",
            "d": "سيدنا عبدالله بن عمر "
        },
        "6": {
            "a": "محرم",
            "b": "رجب",
            "c": "شعبان",
            "d": "رمضان"
        },
        "7": {
            "a": "المتاحف",
            "b": "المساجد",
            "c": "الارض",
            "d": "المنازل"
        },
        "8": {
            "a": "يحبه ",
            "b": " يعلمه",
            "c": "يقربه اليه",
            "d": "يفقهه في الدين"
        },
        "9": {
            "a": "يرحمك الله",
            "b": "استغفرالله ",
            "c": " سبحان الله",
            "d": "الحمدلله"
        },
        "10": {
            "a": "الحمدلله",
            "b": " استغفر الله ",
            "c": "بسم الله",
            "d": "سبحان الله "
        }
    },
    {
        "0": "",
        "1": "سجدة السهو",
        "2": "المتردية",
        "3":" أبو جهل",
        "4": "أسماء بنت يزيدالأنصارية",
        "5": "سيدنا معاوية بن ابي سفيان",
        "6": "رمضان",
        "7": "المساجد",
        "8": "يفقهه في الدين",
        "9": "يرحمك الله",
        "10": "بسم الله"
    }
]