[

    {
        "0": "",
        "1": "بسم الله الرحمن الرحيم\nقُلْ أَعُوذُ بِرَبِّ النَّاسِ {1} مَلِكِ النَّاسِ {2} إِلَهِ النَّاسِ {3} مِن شَرِّ الْوَسْوَاسِ الْخَنَّاسِ {4} الَّذِي يُوَسْوِسُ فِي صُدُورِ النَّاسِ {5} مِنَ الْجِنَّةِ وَ النَّاسِ {6}\n معني كلمة الوسواس؟ ",
        "2": "كم عدد الصلوات المفروضة في اليوم والليلة؟ ",
        "3": "أين ولد عليه الصلاة والسلام ؟",
        "4": "كم عدد اركان الاسلام؟",
        "5": "عن عبد الله بن عمر رضي الله عنهما قال : قال رسول الله بني الإسلام على خمس : شهادة أن لا إله إلا الله وأن محمد رسول الله وإقام الصلاة......  \" رواه البخاري ومسلم؟",
        "6": "عن أبي هريرة رضي الله عنه قال : رسول الله صل الله عليه وسلم  \n من قرأ حرفاً من كتاب الله فله حسنة والحسنة بعشر أمثالها ، لا أقول ألم حرف ولكن .....  رواه الترمذي؟",
        "7": "تولي تربية النبي بعد وفاة جده عمه .....؟",
        "8": "ماهي الحرب التي أشترك فيها الرسول صلى الله عليه وسلم في طفولته ؟ ",
        "9": "كم كان عمر النبي صلى الله عليه وسلم\n عندما تزوج خديجة رضي الله عنها ؟",
        "10": "في اي عام ولد الرسول صل الله عليه وسلم ؟"
    },

    {
        "1": {
            "a": "الشيطان",
            "b": "الجن",
            "c": "الانس",
            "d": "الحيوان"
        },
        "2": {
            "a": "خمس صلوات",
            "b": "اربع صلوات",
            "c": "ثلاث صلوات",
            "d": "ستة صلوات"
        },
        "3": {
            "a": "في مكة",
            "b": "في المدينة المنورة",
            "c": "في الطائف",
            "d": "في تبوك"
        },
        "4": {
            "a": "اربعة اركان ",
            "b": "خمسة اركان",
            "c": "ستة اركان",
            "d": "سبعة اركان"
        },
        "5": {
            "a": " وصوم رمضان",
            "b": "وإيتاء الزكاة وحج البيت ",
            "c": "وإيتاء الزكاة وحج البيت وصوم رمضان",
            "d": " وحج البيت وصوم رمضان"
        },
        "6": {
            "a": "ألف حرف ولام حرف ",
            "b": "ولام حرف وميم حرف",
            "c": "ألف حرف وميم حرف",
            "d": "ألف حرف ولام حرف وميم حرف"
        },
        "7": {
            "a": "ابوطالب",
            "b": "حمزة",
            "c": "العباس",
            "d": "ابولهب"
        },
        "8": {
            "a": "حرب الفجار ",
            "b": " حرب الفرقان",
            "c": "حرب القبائل ",
            "d": "حرب الاوس والخزرج "
        },
        "9": {
            "a": "35",
            "b": " 20 ",
            "c": "25",
            "d": "20"
        },
        "10": {
            "a": "ولد الرسول في عام الفيل",
            "b": "في عام الغزاله ",
            "c": "في عام العسرة",
            "d": "في عام 518"
        }
    },
    {
        "0": "",
        "1": "الشيطان",
        "2": "خمس صلوات",
        "3": "في مكة",
        "4": "خمسة اركان",
        "5": "وإيتاء الزكاة وحج البيت وصوم رمضان",
        "6": "ألف حرف ولام حرف وميم حرف",
        "7": "ابوطالب",
        "8": "حرب الفجار ",
        "9": "25",
        "10": "ولد الرسول في عام الفيل"
    }
]