[

    {
        "0": "",
        "1": " أول شهيدة في الاسلام هي \n السيدة سمية أم عمار بن ياسر؟",
        "2": "الشيماء هي أخت سيدنا محمد في الرضاعة؟ ",
        "3": "تم فتح مكه سنة 8ه؟",
        "4": "خازن النار هو رضوان\n وخازن الجنة هو مالك؟",
        "5": "أول من صام من الانبياء هو \nسيدنا نوح عليه السلام؟",
        "6": "الدابة التي امتطاها رسول الله ليلة الاسراء\n هي دابة البراق؟",
        "7": "يجب علي المرأة المطلقة ان\n تعتد شهرين بعد الطلاق؟",
        "8": "تم صلح الحديبية في العام \nالسادس من الهجرة؟",
        "9": "اول قبيلة يهودية نقضت العهد مع النبي صل الله عليه وسلم \nهي قبيلة بني قريظة؟",
        "10": "أول فدائي في الاسلام هو\n سيدنا علي بن ابي طالب؟"
    },

    {
        "1": {
            "a": "صح",
            "b": "خطأ"

        },
        "2": {
            "a": "صح",
            "b": "خطأ"

        },
        "3": {
            "a": "صح",
            "b": "خطأ"

        },
        "4": {
            "a": "صح",
            "b": "خطأ"
        },
        "5": {
            "a": "صح",
            "b": "خطأ"

        },
        "6": {
            "a": "صح",
            "b": "خطأ"

        },
        "7": {
            "a": "صح",
            "b": "خطأ"

        },
        "8": {
            "a": "صح",
            "b": "خطأ"

        },
        "9": {
            "a": "صح",
            "b": "خطأ"


        },
        "10": {
            "a": "صح",
            "b": "خطأ"

        }
    },
    {
        "0": "",
        "1": "صح",
        "2": "صح",
        "3": "صح",
        "4": "خطأ",
        "5": "صح",
        "6": "صح",
        "7": "خطأ",
        "8": "صح",
        "9": "خطأ",
        "10": "صح"
    }
]