[

    {
      "0": "",
      "1": "الصلاة التي يقوم فيها المصلين بالركوع أربعاً والسجود أربعاً؟",
      "2": "عدد الأيام التي ظل فيها نبي الله إبراهيم وسط نيران النمرود؟ ",
      "3": "Doaa",
      "4": "Sara",
      "5": "Rahma",
      "6": "Mohamed",
      "7": "Gihad",
      "8": "owis"
   },

    {
        "0": {
            "a": "1",
            "b": "2",
            "c": "3",
            "d": "4"
        },
        "1": {
        "a": "1",
        "b": "2",
        "c": "3",
        "d": "4"
      },
      "2": {
        "a": "1",
        "b": "2",
        "c": "3",
        "d": "4"
      },
      "3": {
        "a": "1",
        "b": "2",
        "c": "3",
        "d": "4"
      },
      "4": {
        "a": "1",
        "b": "2",
        "c": "3",
        "d": "4"
      },
      "5": {
        "a": "1",
        "b": "2",
        "c": "3",
        "d": "4"
      },
      "6": {
      "a": "1",
      "b": "2",
      "c": "3",
      "d": "4"
    },
      "7": {
        "a": "1",
        "b": "2",
        "c": "3",
        "d": "4"
      },
      "8": {
        "a": "1",
        "b": "2",
        "c": "3",
        "d": "4"
      }



    },
    {
      "0": "",
      "1": "الخسوف والكسوف",
      "2": "أسبوع",

        "3": "4",
       "4": "5",
      "5": "6",
      "6": "7",
      "7": "8",
      "8": "9"

    }
]