[
    {
        "0": "",
        "1": "بسم الله الرحمن الرحيم\n فَمَن يَعْمَلْ مِثْقَالَ ذَرَّةٍ خَيْراً يَرَهُ {7} وَمَن يَعْمَلْ مِثْقَالَ ذَرَّةٍ شَرّاً يَرَهُ {8} \n اذكر اسم السورة ؟ ",
        "2": "عن أبي هريرة رضي الله عنه قال سمعنا رسول الله صل الله عليه وسلم يقول : \" أرأيتم لو أن نهراً بباب أحدكم يغتسل منه كل يوم خمس مرات هل يبقى من درنه شيء قالوا لا يبقى من درنه شيء قال : فذلك ......\" متفق عليه",
        "3": "عن عثمان بن عفان رضي الله عنه قال : قال رسول الله صل الله عليه وسلم :  خيركم من تعلم القرآن",
        "4": "كم عدد المرات التي ذكر فيها النبي صل الله عليه وسلم في القران؟",
        "5": "ماهو اليوم الذي خلق الله فيه سيدنا ادم عليه السلام؟",
        "6": "متي يبدأ الصيام؟ ",
        "7": "من هي مرضعة النبي صل الله عليه وسلم؟",
        "8": "ماهو اسم الطائر الذي كلم سيدنا سليمان؟",
        "9": "من هي اول زوجه للنبي صل الله عليه وسلم؟",
        "10": "ماهو اسم الغار الذي كان يتعبد فيه النبي قبل البعثة؟",
        "11": "الحروف التي يخرج فيها طرف اللسان عند القرأة؟",
        "12": "اشتغل الرسول صلي الله عليه وسلم بمهنتين قبل البعثه؟",
        "13": "من اول من صام ؟",
        "14": "عن أبي هريرة رضي الله عنه سمعت رسول الله عليه الصلاة والسلام يقول : \" حق المسلم على المسلم خمس رد السلام وعيادة المريض وإتباع الجنائز وإجابة الدعوة .. \" رواه البخاري؟ ",
        "15": "من تعاليم الاسلام؟ "
    },
    {
        "1": {
            "a": "الفرقان",
            "b": "الطارق",
            "c": "الزلزلة",
            "d": "العصر"
        },
        "2": {
            "a": "مثل الصلوات الخمس يمحو الله بهن الخطايا ",
            "b": "مثل الاستغفار",
            "c": "مثل التوبة",
            "d": "مثل العودة الي الله "
        },
        "3": {
            "a": "وحفظه",
            "b": "وعلمه",
            "c": "وتعلمه",
            "d": "وقرأه"
        },
        "4": {
            "a": "اربعة مرات",
            "b": "مرتان",
            "c": "ثلاثة مرات",
            "d": "مرة واحدة "
        },
        "5": {
            "a": "يوم الاثنين",
            "b": "يوم الاربعاء ",
            "c": "يوم الجمعة ",
            "d": "يوم السبت"
        },
        "6": {
            "a": "من بعد شروق الشمس الي بعد الغروب",
            "b": "من اذان الفجر الي اذان المغرب",
            "c": "من وقت اذان الفجر الي اذان العصر",
            "d": "من وقت اذان الظهر الي اذان المغرب"
        },
        "7": {
            "a": "السيدة حليمة",
            "b": "السيدة ام حبيبة",
            "c": "السيدة هاجر",
            "d": "السيدة مريم"
        },
        "8": {
            "a": "الحمامه",
            "b": "اليمامه",
            "c": "الهدهد",
            "d": "النسر"
        },
        "9": {
            "a": "السيدة خديجة بنت خويلد",
            "b": "السيدة ام حبيبة",
            "c": "السيدة مارية القبطية",
            "d": "السيدة ام سلمة"
        },
        "10": {
            "a": "غار ثور",
            "b": "غار حراء",
            "c": "غار مكه",
            "d": "غار الطائف"
        },
        "11": {
            "a": "م - ن - ت",
            "b": "ط - خ - ذ",
            "c": "ث - ج - ظ",
            "d": "ث ـ ذ ـ ظ "
        },
        "12": {
            "a": "الرعي والنجارة",
            "b": "الخياطة والتجارة",
            "c": " الرعي والتجاره.",
            "d": "التجارة والسفر"
        },
        "13": {
            "a": "سيدنا محمد",
            "b": "سيدنا ابراهيم",
            "c": "سيدنا نوح",
            "d": "سيدنا ادم"
        },
        "14": {
            "a": "وتشميت العاطس",
            "b": "عيادة المريض",
            "c": "اتباع جنازته",
            "d": "وزيارته"
        },
        "15": {
            "a": "عدم توقير الكبير",
            "b": "ضرب الصغير",
            "c": "اذية الجار",
            "d": "نرحم صغيرنا ونوقر كبيرنا"
        }
    },
    {
        "0": "",
        "1": "الزلزلة",
        "2": "مثل الصلوات الخمس يمحو الله بهن الخطايا ",
        "3": "وعلمه",
        "4": "اربعة مرات",
        "5": "يوم الجمعة ",
        "6": "من اذان الفجر الي اذان المغرب",
        "7": "السيدة حليمة",
        "8": "الهدهد",
        "9": "السيدة خديجة بنت خويلد",
        "10": "غار ثور",
        "11": "ث ـ ذ ـ ظ ",
        "12": " الرعي والتجاره.",
        "13": "سيدنا ادم",
        "14": "وتشميت العاطس",
        "15":"نرحم صغيرنا ونوقر كبيرنا"
    }
]