{
  "project_info": {
    "project_number": "654904280705",
    "project_id": "learn-islam-1ff86",
    "storage_bucket": "learn-islam-1ff86.appspot.com"
  },
  "client": [
    {
      "client_info": {
        "mobilesdk_app_id": "1:654904280705:android:21ca52420ad087e916ef80",
        "android_client_info": {
          "package_name": "com.IslamQuiz.IslamQuiz2"
        }
      },
      "oauth_client": [
        {
          "client_id": "654904280705-36aote3em3utbs2cr41vk6tcoajedobh.apps.googleusercontent.com",
          "client_type": 3
        }
      ],
      "api_key": [
        {
          "current_key": "AIzaSyCIrqPQs_IKo4JSG4zMUXOOtZjdMus7aQc"
        }
      ],
      "services": {
        "appinvite_service": {
          "other_platform_oauth_client": [
            {
              "client_id": "654904280705-36aote3em3utbs2cr41vk6tcoajedobh.apps.googleusercontent.com",
              "client_type": 3
            }
          ]
        }
      }
    }
  ],
  "configuration_version": "1"
}